356542;Водостойкая тушь для ресниц;4000 руб.
345464;Бальзам для губ Loreal;2300 руб.
345724;Невесомая пудра;6000 руб.
456879;Лосьон Vichy;2300 руб.
486837;Компактная пудра Vichy;500 руб.
486847;Помада Maybelline;600 руб.
345464;Бальзам для губ Lip Glow;2300 руб.
356542;Водостойкая тушь для ресниц;4000 руб.
486837;Кисти для макияжа;500 руб.
486847;Компактная пудра Forever;600 руб.
345724;Праймер Nude Shimmer;6000 руб.
456879;Лосьон Maybelline;2300 руб.
345464;Помада Loreal;2300 руб.
356542;Тушь для ресниц;4000 руб.
486837;Тени Loreal;500 руб.
486847;Компактная пудра Forever;600 руб.
456879;Масло для ресниц PhotoReady;2300 руб.
345724;Шиммер Nude;6000 руб.
129699;Платье Mango;3400 руб.
8769786;Платье из плотного материала;5000 руб.
0980987;Жакет серый;800 руб.
09870986;Платье черное;4500 руб.
0987089;Жакет из легкого струящегося материала;5600 руб.
900897;Платье из мягкого материала;9900 руб.
;Очки;15000 руб.
9878790;Ботинки мужские;12000 руб.
;Кроссовки спортивные;13000 руб.
567850;Ремень;6000 руб.
09860;Сумка женская кожаная;15500 руб.
098097;Кроссовки спортивные Boss;16000 руб.
900897;Комбинезон;11000 руб.
0987089;Шорты;7800 руб.
9809000;Телефон Apple;46000 руб.
;Samsung;60000 руб.
0789876;HP ProBook 450;125000 руб.
1882234;Samsung Gear VR;67000 руб.
45674567; Lenovo IdeaPad 110;64000 руб.
9879087; Vivo V5;35000 руб.
098089;Беговая дорожка;45000 руб.
0798098;Шлем;5000 руб.
253458;Зашита на колено;600 руб.
857732;Сумка спортивная;3500 руб.
9900007;Очки для плавания;1200 руб.
;Протеин Dynamic Whey;2500 руб.
97878686;Sportein Enriched PROTEIN;4500 руб.
087087;Протеин Whey Protein, шоколад;5600 руб.
97878686;Enriched PROTEIN;4500 руб.
97878686;Enriched PROTEIN;4500 руб.
087087;Протеин Whey Protein;5600 руб.
9900007;Маска для плавания;1200 руб.
08708707;Кроссовки женские CROCS;3400 руб.
7777443;Кроссовки ASICS;5100 руб.
354456;Кроссовки 574 Classic;5700 руб.
89769876;Кроссовки Finn-flare;6700 руб.
0987098;Кроссовки Mango;11000 руб.
23452456;Кроссовки 574;14000 руб.
;Кровать Лидс;90000 руб.
09870987;Кресло;67000 руб.
9787765;Лампа;2300 руб.
09898798;Часы;9000 руб.
0980987;Стул;24000 руб.
9080987;Ваза;7000 руб.
;Шорты 42 белый;7800 руб.
;Шорты 44 черный;7900 руб.
;Шорты 46 белый;7900 руб.
;Шорты 48 белый;7900 руб.
;Комбинезон 42 красный;11000 руб.
;Комбинезон 44 красный;11000 руб.
;Комбинезон 42 белый;11000 руб.
;Жакет из легкого струящегося материала S красный;5600 руб.
;Жакет из легкого струящегося материала S белый;5600 руб.
;Жакет из легкого струящегося материала M ;5600 руб.
;Жакет из легкого струящегося материала L коричневый;5600 руб.
;Платье из мягкого материала XS бежевый;9900 руб.
;Платье из мягкого материала S белый;9900 руб.
;Платье из мягкого материала M белый;9900 руб.
;Платье из мягкого материала M черный;9900 руб.
;Платье черное XS белый;4500 руб.
;Платье черное S белый;4500 руб.
;Платье черное M белый;4500 руб.
;Платье черное L черный;4500 руб.
;Жакет серый S коричневый;800 руб.
;Жакет серый M серый;800 руб.
;Жакет серый L серый;800 руб.
;Платье Mango S бежевый;3400 руб.
;Платье Mango S желтый;3400 руб.
;Платье Mango M бежевый;3400 руб.
;Платье Mango L синий;3400 руб.
;Платье из плотного материала S белый;5000 руб.
;Платье из плотного материала S красный;5000 руб.
;Платье из плотного материала  коричневый;5000 руб.
;Очки  белый;15000 руб.
;Очки  синий;15000 руб.
;Кроссовки спортивные 37 белый;13000 руб.
;Кроссовки спортивные 42 желтый;13000 руб.
;Сумка женская кожаная  бежевый;15500 руб.
;Сумка женская кожаная  оранжевый;15500 руб.
;Кроссовки спортивные Boss 38 белый;16000 руб.
;Кроссовки спортивные Boss 39 зеленый;16000 руб.
;Ремень  черный;6000 руб.
;Ремень  серый;6000 руб.
;Ботинки мужские 38 черный;12000 руб.
;Ботинки мужские 38 белый;12000 руб.
;Ботинки мужские 42 белый;12000 руб.
; Vivo V5 металлик бежевый;35000 руб.
; Vivo V5 красный черный;35000 руб.
; Lenovo IdeaPad 110 серый ;64000 руб.
; Lenovo IdeaPad 110 зеленый ;64000 руб.
;Samsung голубой ;60000 руб.
;Samsung зеленый ;60000 руб.
;Samsung Gear VR белый ;67000 руб.
;Samsung Gear VR черный ;67000 руб.
;HP ProBook 450 серый ;125000 руб.
;HP ProBook 450 коричневый ;125000 руб.
;Телефон Apple белый ;46000 руб.
;Беговая дорожка 1200 см ;45000 руб.
;Зашита на колено  черный;600 руб.
;Беговая дорожка 1400 см ;45000 руб.
;Маска для плавания  прозрачная;1200 руб.
;Зашита на колено  белый;600 руб.
;Маска для плавания  красный;1200 руб.
;Очки для плавания  зеленый;1200 руб.
;Сумка спортивная 3 л ;3500 руб.
;Очки для плавания  голубой;1200 руб.
;Шлем  черный;5000 руб.
;Сумка спортивная 4 л  ;3500 руб.
;Шлем  белый;5000 руб.
;Кроссовки 574 Classic 42 белый;5700 руб.
;Кроссовки 574 Classic 44 синий;5700 руб.
;Кроссовки 574 Classic 44 серый;14000 руб.
;Кроссовки ASICS 44 синий;5100 руб.
;Кроссовки женские CROCS 38 зеленый;3400 руб.
;Кроссовки женские CROCS 41 синий;3400 руб.
;Кроссовки Finn-flare 40 черный;6700 руб.
;Кроссовки Finn-flare 42 ;6700 руб.
;Кроссовки Finn-flare 44 ;6700 руб.
;Кроссовки Mango 38 ;11000 руб.
;Кроссовки Mango 39 ;11000 руб.
;Кроссовки Mango 41 ;11000 руб.
